City_ID,City,Lat,Lng,Max Temp,Humidity,Cloudiness,Wind Speed,Country,Date
0,mar del plata,-38.0023,-57.5575,59.88,84,0,23.0,AR,1667619566
1,castro,-24.7911,-50.0119,44.91,92,1,5.21,BR,1667619644
2,punta arenas,-53.15,-70.9167,53.71,71,75,12.66,CL,1667619645
3,broken hill,-31.95,141.4333,72.23,28,100,4.45,AU,1667619645
4,flinders,-34.5833,150.8552,73.06,65,59,12.06,AU,1667619646
5,butaritari,3.0707,172.7902,80.11,76,84,8.32,KI,1667619646
6,grindavik,63.8424,-22.4338,42.75,75,75,16.11,IS,1667619646
7,clyde river,70.4692,-68.5914,8.83,61,0,16.11,CA,1667619648
8,mahebourg,-20.4081,57.7,74.25,88,40,3.44,MU,1667619648
9,lebu,-37.6167,-73.65,49.32,91,76,7.63,CL,1667619648
10,rikitea,-23.1203,-134.9692,71.06,70,15,16.44,PF,1667619649
11,hobart,-42.8794,147.3294,68.27,72,15,9.33,AU,1667619452
12,albany,42.6001,-73.9662,61.21,76,96,4.97,US,1667619310
13,borovoy,55.4333,86.0833,30.69,86,0,6.71,RU,1667619650
14,chuy,-33.6971,-53.4616,57.07,90,0,8.5,UY,1667619650
15,kloulklubed,7.0419,134.2556,75.7,73,97,5.99,PW,1667619651
16,manado,1.487,124.8455,88.57,66,40,3.44,ID,1667619651
17,vaini,-21.2,-175.2,80.76,74,40,11.5,TO,1667619652
18,victoria,22.2855,114.1577,75.18,80,87,15.01,HK,1667619652
19,kholm-zhirkovskiy,55.5189,33.4731,26.58,95,11,3.89,RU,1667619652
20,padang,-0.9492,100.3543,82.45,70,100,2.64,ID,1667619653
21,buala,-8.145,159.5921,83.23,74,100,3.29,SB,1667619653
22,shakawe,-18.3667,21.85,68.14,83,97,0.56,BW,1667619655
23,mataura,-46.1927,168.8643,55.09,45,59,10.31,NZ,1667619655
24,severo-kurilsk,50.6789,156.125,39.88,71,57,28.81,RU,1667619656
25,morondava,-20.2833,44.2833,79.52,73,86,2.66,MG,1667619656
26,mount gambier,-37.8333,140.7667,69.53,46,72,2.8,AU,1667619375
27,dubuque,42.4833,-90.8668,49.68,86,100,14.97,US,1667619657
28,faanui,-16.4833,-151.75,75.16,90,100,26.91,PF,1667619657
29,broome,42.2506,-75.833,62.38,71,0,12.66,US,1667619657
30,kapaa,22.0752,-159.319,82.38,82,100,16.11,US,1667619588
31,bluff,-46.6,168.3333,51.91,57,70,20.04,NZ,1667619658
32,narsaq,60.9167,-46.05,44.82,73,70,6.78,GL,1667619659
33,analipsis,35.3167,25.5667,61.43,57,0,2.28,GR,1667619659
34,mitsamiouli,-11.3847,43.2844,79.09,69,20,8.05,KM,1667619659
35,san patricio,28.017,-97.5169,78.84,89,0,11.41,US,1667619660
36,hilo,19.7297,-155.09,76.73,89,0,4.61,US,1667619621
37,sao joao da barra,-21.6403,-41.0511,63.19,82,5,9.93,BR,1667619660
38,leshukonskoye,64.8989,45.7622,29.8,95,100,5.21,RU,1667619661
39,nueve de julio,-35.4444,-60.8831,59.97,71,26,1.01,AR,1667619661
40,new norfolk,-42.7826,147.0587,67.91,41,3,1.99,AU,1667619662
41,ushuaia,-54.8,-68.3,42.46,100,40,6.91,AR,1667619662
42,guanare,9.0418,-69.7421,72.61,85,100,2.91,VE,1667619663
43,gamba,-2.65,10.0,74.62,91,92,2.42,GA,1667619663
44,thompson,55.7435,-97.8558,19.56,93,100,4.61,CA,1667619588
45,adrar,20.5022,-10.0711,68.86,16,0,8.28,MR,1667619664
46,akdepe,42.0551,59.3788,35.69,62,75,7.65,TM,1667619665
47,mont-dore,-22.2833,166.5833,80.01,99,83,14.29,NC,1667619665
48,tiksi,71.6872,128.8694,-1.37,98,97,1.34,RU,1667619666
49,verkhniy baskunchak,48.2256,46.7217,34.88,80,78,1.19,RU,1667619666
50,juneau,58.3019,-134.4197,34.21,93,75,4.61,US,1667619666
51,mayya,61.7333,130.2811,7.92,90,99,4.65,RU,1667619667
52,port alfred,-33.5906,26.891,65.17,96,99,3.0,ZA,1667619668
53,pevek,69.7008,170.3133,2.48,81,8,9.64,RU,1667619669
54,port elizabeth,-33.918,25.5701,65.1,94,75,6.91,ZA,1667619669
55,puerto ayora,-0.7393,-90.3518,66.33,80,87,10.27,EC,1667619669
56,maragogi,-9.0122,-35.2225,73.09,93,100,9.69,BR,1667619670
57,kaitangata,-46.2817,169.8464,55.72,48,83,12.01,NZ,1667619670
58,nenjiang,49.1833,125.2167,34.48,27,3,10.02,CN,1667619671
59,port lincoln,-34.7333,135.8667,72.32,47,6,2.44,AU,1667619672
60,lucera,41.5082,15.3351,55.22,86,100,11.18,IT,1667619673
61,kavieng,-2.5744,150.7967,84.54,70,97,5.84,PG,1667619673
62,vezirkopru,41.1436,35.4547,37.89,83,47,2.24,TR,1667619673
63,busselton,-33.65,115.3333,69.76,41,0,1.72,AU,1667619674
64,yuzhno-kurilsk,44.0306,145.8556,46.04,53,14,14.61,RU,1667619674
65,sitka,57.0531,-135.33,35.49,87,75,4.61,US,1667619674
66,champerico,14.3,-91.9167,79.86,81,86,5.35,GT,1667619675
67,kichera,55.9375,110.0997,28.74,79,91,0.2,RU,1667619675
68,narodychi,51.2029,29.0823,37.49,97,18,7.43,UA,1667619676
69,georgetown,5.4112,100.3354,82.35,81,20,9.22,MY,1667619538
70,daru,-9.0763,143.2092,85.73,68,57,8.5,PG,1667619676
71,tuktoyaktuk,69.4541,-133.0374,10.4,79,100,12.66,CA,1667619677
72,barrow,71.2906,-156.7887,15.82,73,100,8.05,US,1667619678
73,port hedland,-20.3167,118.5667,89.65,40,0,16.11,AU,1667619678
74,darnah,32.767,22.6367,64.89,75,0,9.64,LY,1667619678
75,jamestown,42.097,-79.2353,65.79,68,0,12.66,US,1667619627
76,kieta,-6.2167,155.6333,83.05,80,100,5.91,PG,1667619680
77,geraldton,-28.7667,114.6,72.01,49,0,13.8,AU,1667619680
78,aktau,43.65,51.2,39.78,73,100,8.19,KZ,1667619409
79,griffith,41.5284,-87.4237,70.05,67,75,19.57,US,1667619681
80,inirida,3.8653,-67.9239,69.4,90,36,0.69,CO,1667619681
81,gberia fotombu,9.8833,-11.1667,68.14,54,91,2.17,SL,1667619682
82,ostrovnoy,68.0531,39.5131,37.42,97,100,7.52,RU,1667619682
83,gallup,35.5281,-108.7426,34.56,76,0,4.61,US,1667619683
84,talnakh,69.4865,88.3972,16.21,95,100,10.92,RU,1667619683
85,atuona,-9.8,-139.0333,77.32,76,13,15.12,PF,1667619683
86,iqaluit,63.7506,-68.5145,17.33,73,100,6.91,CA,1667619684
87,khatanga,71.9667,102.5,-18.27,100,97,2.04,RU,1667619684
88,bandarban,22.1965,92.2262,83.91,59,6,0.94,BD,1667619685
89,yellowknife,62.456,-114.3525,7.32,85,40,13.8,CA,1667619685
90,ondjiva,-17.0667,15.7333,71.4,22,99,2.62,AO,1667619686
91,hermanus,-34.4187,19.2345,63.81,90,59,5.82,ZA,1667619686
92,esna,25.2934,32.554,62.62,52,64,7.16,EG,1667619686
93,san matias,-16.3667,-58.4,65.03,53,0,2.66,BO,1667619687
94,ahipara,-35.1667,173.1667,63.99,60,1,12.97,NZ,1667619688
95,bubaque,11.2833,-15.8333,83.17,59,100,7.74,GW,1667619688
96,gazojak,41.1875,61.4036,46.62,54,36,8.05,TM,1667619689
97,bronnoysund,65.4625,12.1997,48.2,71,100,13.0,NO,1667619689
98,makakilo city,21.3469,-158.0858,80.92,73,75,14.97,US,1667619689
99,marzuq,14.4,46.4667,69.85,55,5,0.67,YE,1667619691
100,yerbogachen,61.2767,108.0108,16.99,76,97,8.95,RU,1667619691
101,sobolevo,54.4299,31.8996,27.81,81,7,5.5,RU,1667619692
102,dingle,10.9995,122.6711,86.0,72,51,10.16,PH,1667619692
103,kodiak,57.79,-152.4072,33.31,55,100,26.46,US,1667619692
104,qaanaaq,77.484,-69.3632,21.7,76,100,7.14,GL,1667619693
105,arraial do cabo,-22.9661,-42.0278,67.28,67,21,6.2,BR,1667619693
106,neiafu,-18.65,-173.9833,79.48,78,20,10.36,TO,1667619693
107,aklavik,68.2191,-135.0107,9.93,94,100,12.37,CA,1667619694
108,nipawin,53.3668,-104.0009,19.44,100,75,3.44,CA,1667619694
109,bengkulu,-3.8004,102.2655,81.01,78,100,7.63,ID,1667619429
110,lata,40.1629,-8.3327,43.07,73,6,2.53,PT,1667619694
111,provideniya,64.3833,-173.3,12.45,76,3,7.14,RU,1667619695
112,tommot,58.9564,126.2925,16.61,88,100,9.51,RU,1667619695
113,bethel,41.3712,-73.414,62.69,84,0,4.61,US,1667619695
114,nelson bay,-32.7167,152.15,73.09,64,8,14.0,AU,1667619696
115,cochrane,51.1834,-114.4687,37.67,79,0,3.44,CA,1667619696
116,umarizal,-5.9906,-37.8144,75.7,80,96,1.97,BR,1667619697
117,solnechnyy,50.7214,136.6319,28.11,54,100,2.37,RU,1667619697
118,richards bay,-28.783,32.0377,71.13,91,10,9.31,ZA,1667619697
119,charters towers,-20.1,146.2667,88.03,25,0,11.27,AU,1667619698
120,upernavik,72.7868,-56.1549,22.42,71,100,23.91,GL,1667619698
121,guerrero negro,27.9769,-114.0611,65.35,40,0,8.1,MX,1667619699
122,saint-philippe,-21.3585,55.7679,74.79,76,61,7.31,RE,1667619699
123,podgornoye,51.735,39.1496,30.42,80,75,0.0,RU,1667619699
124,nikolskoye,59.7035,30.7861,24.8,88,28,4.38,RU,1667619700
125,portland,45.5234,-122.6762,58.75,93,100,15.01,US,1667619352
126,belaya gora,68.5333,146.4167,-13.43,97,86,1.68,RU,1667619701
127,asifabad,19.3667,79.2833,77.22,51,0,3.24,IN,1667619701
128,salina cruz,16.1667,-95.2,78.94,82,66,2.98,MX,1667619701
129,robertsport,6.7533,-11.3686,79.41,78,59,2.28,LR,1667619702
130,ponta do sol,32.6667,-17.1,69.71,87,11,2.86,PT,1667619702
131,cape town,-33.9258,18.4232,64.9,91,20,14.97,ZA,1667619597
132,bredasdorp,-34.5322,20.0403,62.46,91,75,2.75,ZA,1667619703
133,touros,-5.1989,-35.4608,76.68,84,96,6.4,BR,1667619703
134,torbay,47.6666,-52.7314,46.76,95,75,10.36,CA,1667619704
135,nemuro,43.3236,145.575,48.16,50,24,15.01,JP,1667619704
136,skelleftea,64.7507,20.9528,44.01,100,100,6.91,SE,1667619704
137,rocha,-34.4833,-54.3333,51.26,96,0,3.58,UY,1667619705
138,cherskiy,68.75,161.3,6.93,74,87,6.22,RU,1667619705
139,lorengau,-2.0226,147.2712,85.62,66,95,2.77,PG,1667619705
140,carutapera,-1.195,-46.02,72.82,96,100,4.25,BR,1667619706
141,asau,46.4333,26.4,47.32,82,76,1.77,RO,1667619706
142,malanje,-9.5402,16.341,64.08,96,100,5.14,AO,1667619706
143,mackay,-21.15,149.2,73.69,57,50,20.07,AU,1667619707
144,sehithwa,-20.4667,22.7167,70.79,66,96,3.06,BW,1667619708
145,quatre cocos,-20.2078,57.7625,74.08,74,3,9.13,MU,1667619708
146,progreso,21.2833,-89.6667,80.71,80,79,12.03,MX,1667619710
147,olafsvik,64.8945,-23.7142,40.32,78,99,18.41,IS,1667619710
148,bar harbor,44.3876,-68.2039,58.6,93,0,8.05,US,1667619711
149,egvekinot,66.3167,-179.1667,2.34,78,1,6.4,RU,1667619711
150,mezen,65.8522,44.24,35.17,98,100,7.47,RU,1667619711
151,west wendover,40.7391,-114.0733,42.01,45,100,4.61,US,1667619471
152,husavik,66.0449,-17.3389,33.31,84,100,8.68,IS,1667619712
153,dikson,73.5069,80.5464,27.77,98,100,7.2,RU,1667619712
154,saint anthony,45.0205,-93.218,39.09,83,0,5.75,US,1667619712
155,carnarvon,-24.8667,113.6333,72.68,51,0,20.83,AU,1667619713
156,luderitz,-26.6481,15.1594,59.74,88,0,4.27,NA,1667619713
157,lianran,24.9227,102.485,55.94,66,96,3.85,CN,1667619713
158,keflavik,64.0049,-22.5624,42.71,75,75,16.11,IS,1667619714
159,pathein,16.7833,94.7333,83.25,68,0,7.05,MM,1667619714
160,jiblah,13.9216,44.1467,61.03,57,4,2.06,YE,1667619714
161,hithadhoo,-0.6,73.0833,81.32,74,63,9.78,MV,1667619715
162,hendek,40.7994,30.7481,58.46,50,99,5.53,TR,1667619716
163,wajid,3.8093,43.2471,74.3,83,11,11.68,SO,1667619716
164,norman wells,65.282,-126.8329,6.84,78,75,6.91,CA,1667619717
165,frontera,26.9333,-101.45,71.33,39,0,3.0,MX,1667619717
166,labuhan,-6.8844,112.2051,86.88,65,98,4.7,ID,1667619717
167,dalianwan,39.0286,121.695,59.04,31,0,15.66,CN,1667619718
168,souillac,-20.5167,57.5167,73.78,88,40,3.44,MU,1667619718
169,dobryanka,58.4619,56.4165,25.99,88,74,4.85,RU,1667619719
170,bhag,29.0415,67.8239,85.23,19,54,3.27,PK,1667619719
171,port macquarie,-31.4333,152.9167,71.89,50,63,8.3,AU,1667619719
172,katsuura,35.1333,140.3,60.75,69,97,14.2,JP,1667619720
173,muhos,64.808,25.9931,40.78,97,100,6.87,FI,1667619721
174,tura,25.5198,90.2201,78.26,64,0,1.48,IN,1667619722
175,tigzirt,36.8886,4.1198,62.31,67,9,13.87,DZ,1667619722
176,hobbs,32.7026,-103.136,48.67,38,0,9.22,US,1667619723
177,santa rosa,14.3122,121.1114,90.09,64,68,10.69,PH,1667619437
178,weihe,32.9952,105.3247,52.32,89,100,6.17,CN,1667619723
179,hambantota,6.1241,81.1185,80.94,94,40,1.14,LK,1667619724
180,baruun-urt,46.6806,113.2792,36.28,29,39,10.78,MN,1667619724
181,pacific grove,36.6177,-121.9166,55.08,87,40,1.01,US,1667619664
182,castelo branco,39.8222,-7.4909,44.51,66,24,3.4,PT,1667619725
183,marshalltown,42.0494,-92.908,42.91,87,100,12.66,US,1667619725
184,cidreira,-30.1811,-50.2056,61.39,75,10,7.65,BR,1667619725
185,sioux lookout,50.1001,-91.917,21.27,100,0,0.0,CA,1667619726
186,viedma,-40.8135,-62.9967,65.41,52,100,16.6,AR,1667619726
187,port hardy,50.6996,-127.4199,42.98,81,40,14.97,CA,1667619727
188,tasiilaq,65.6145,-37.6368,35.76,86,100,17.38,GL,1667619727
189,ribeira grande,38.5167,-28.7,63.77,86,100,5.99,PT,1667619727
190,xunchang,28.4543,104.715,64.54,73,100,2.46,CN,1667619728
191,baghmara,23.795,86.2085,78.75,43,0,1.48,IN,1667619728
192,avarua,-21.2078,-159.775,75.25,69,40,10.36,CK,1667619728
193,kruisfontein,-34.0033,24.7314,62.89,92,75,4.0,ZA,1667619729
194,jos,9.9167,8.9,60.76,40,54,4.7,NG,1667619729
195,mbini,1.574,9.6134,77.88,85,100,3.02,GQ,1667619729
196,manokwari,-0.8667,134.0833,82.65,75,86,3.67,ID,1667619730
197,coihaique,-45.5752,-72.0662,50.61,74,6,3.83,CL,1667619730
198,san quintin,30.4833,-115.95,61.86,59,23,8.86,MX,1667619730
199,rawson,-43.3002,-65.1023,72.75,30,100,29.97,AR,1667619731
200,kisangani,0.5167,25.2,67.77,98,100,2.13,CD,1667619731
201,chokurdakh,70.6333,147.9167,-12.12,92,94,4.81,RU,1667619732
202,amazar,53.858,120.875,25.61,51,49,3.83,RU,1667619732
203,vardo,70.3705,31.1107,35.58,87,75,5.75,NO,1667619732
204,namibe,-15.1961,12.1522,65.93,74,68,6.53,AO,1667619733
205,pisco,-13.7,-76.2167,60.85,88,0,10.36,PE,1667619733
206,dawei,14.0833,98.2,86.38,45,55,10.25,MM,1667619734
207,zaysan,47.4667,84.8667,48.97,34,35,1.63,KZ,1667619712
208,vila velha,-20.3297,-40.2925,67.95,80,0,9.22,BR,1667619734
209,nome,64.5011,-165.4064,17.67,79,0,6.91,US,1667619362
210,kiunga,-6.1219,141.2906,95.14,41,86,3.58,PG,1667619735
211,fukue,32.6881,128.8419,62.96,42,20,16.11,JP,1667619735
212,george,-33.963,22.4617,62.15,100,100,2.3,ZA,1667619736
213,berlevag,70.8578,29.0864,35.4,93,100,3.44,NO,1667619736
214,biak,-0.9131,122.8766,84.27,67,68,3.76,ID,1667619736
215,paka,4.6374,103.4368,82.38,89,40,1.14,MY,1667619737
216,bonnyville,54.2668,-110.735,24.6,88,100,4.5,CA,1667619737
217,carahue,-38.7,-73.1667,48.9,99,100,0.83,CL,1667619737
218,fethiye,36.6217,29.1164,51.67,56,0,3.33,TR,1667619738
219,saskylakh,71.9167,114.0833,-1.19,98,99,6.33,RU,1667619738
220,vesoul,47.5833,5.8333,47.21,97,89,4.68,FR,1667619739
221,yulara,-25.2406,130.9889,86.49,13,0,4.61,AU,1667619739
222,saldanha,-33.0117,17.9442,60.85,96,11,2.57,ZA,1667619740
223,bela,25.9333,81.9833,78.31,49,0,5.68,IN,1667619740
224,tuy hoa,13.0833,109.3,79.81,74,70,12.19,VN,1667619579
225,palakollu,16.5333,81.7333,80.98,77,43,6.69,IN,1667619740
226,plouzane,48.3833,-4.6167,53.65,90,100,11.5,FR,1667619741
227,vila franca do campo,37.7167,-25.4333,69.19,95,92,3.98,PT,1667619741
228,alepe,5.5004,-3.6631,76.87,96,45,0.56,CI,1667619742
229,inhambane,-23.865,35.3833,76.71,73,92,11.54,MZ,1667619742
230,jacareacanga,-6.2222,-57.7528,77.09,70,100,1.45,BR,1667619743
231,pandan,14.0453,124.1694,82.18,85,100,8.95,PH,1667619743
232,pimentel,-6.8367,-79.9342,62.42,84,46,11.95,PE,1667619744
233,chino valley,34.7575,-112.4538,42.62,58,0,5.75,US,1667619312
234,hovd,48.0056,91.6419,33.93,45,7,1.92,MN,1667619744
235,kaseda,31.4167,130.3167,65.43,49,15,15.1,JP,1667619745
236,peniche,39.3558,-9.3811,53.46,76,7,7.7,PT,1667619746
237,visby,57.6409,18.296,49.05,81,100,14.97,SE,1667619516
238,visnes,59.3556,5.2242,48.25,81,75,11.5,NO,1667619746
239,kangaatsiaq,68.3065,-53.4641,23.65,73,96,8.03,GL,1667619747
240,okhotsk,59.3833,143.3,25.79,50,87,20.83,RU,1667619747
241,lazaro cardenas,17.9583,-102.2,77.25,84,0,2.8,MX,1667619730
242,seoul,37.5683,126.9778,53.17,25,0,6.91,KR,1667619473
243,quipama,5.5194,-74.1777,61.07,98,100,2.08,CO,1667619748
244,maputo,-25.9653,32.5892,71.28,94,75,2.3,MZ,1667619748
245,avanigadda,16.0215,80.9181,81.3,76,6,7.27,IN,1667619560
246,fortuna,40.5982,-124.1573,56.35,93,100,5.75,US,1667619749
247,yar-sale,66.8333,70.8333,10.99,93,29,9.06,RU,1667619749
248,meulaboh,4.1363,96.1285,78.58,80,100,2.86,ID,1667619749
249,bambous virieux,-20.3428,57.7575,74.21,88,40,3.44,MU,1667619750
250,byron bay,-28.65,153.6167,66.51,75,68,9.89,AU,1667619750
251,roebourne,-20.7833,117.1333,90.95,30,6,14.58,AU,1667619750
252,bartica,6.4,-58.6167,75.52,99,100,2.33,GY,1667619751
253,dawlatabad,36.4141,64.9053,57.87,73,9,4.43,AF,1667619751
254,hashtrud,37.4779,47.0508,41.34,58,18,3.36,IR,1667619751
255,moss vale,-34.55,150.3833,65.01,63,90,6.29,AU,1667619752
256,waiouru,-39.4833,175.6667,59.74,45,13,5.46,NZ,1667619752
257,umm kaddadah,13.6017,26.6876,70.07,25,27,13.67,SD,1667619752
258,hami,42.8,93.45,52.2,21,98,3.33,CN,1667619753
259,lagoa,39.05,-27.9833,63.61,78,100,8.99,PT,1667619614
260,magistralnyy,56.1725,107.4458,31.28,74,98,2.15,RU,1667619753
261,misratah,32.3754,15.0925,69.13,36,28,16.08,LY,1667619754
262,khudumelapye,-23.8833,24.75,64.8,79,0,4.34,BW,1667619754
263,khilchipur,24.0333,76.5667,81.57,34,2,4.79,IN,1667619754
264,banda aceh,5.5577,95.3222,80.76,76,100,0.87,ID,1667619755
265,te anau,-45.4167,167.7167,58.19,44,10,3.89,NZ,1667619755
266,oak harbor,48.2932,-122.6432,57.78,91,100,10.36,US,1667619460
267,holme,56.1138,10.1725,45.97,91,47,12.12,DK,1667619755
268,denpasar,-8.65,115.2167,87.46,74,40,5.75,ID,1667619711
269,tabuk,17.4189,121.4443,84.63,65,59,2.3,PH,1667619756
270,yumen,40.2833,97.2,45.95,26,98,5.06,CN,1667619756
271,qaqortoq,60.7167,-46.0333,26.56,77,72,5.3,GL,1667619758
272,luanda,-8.8368,13.2343,78.8,83,75,2.3,AO,1667619510
273,ouadda,8.0777,22.4007,67.6,54,64,2.1,CF,1667619758
274,de aar,-30.6497,24.0123,58.53,75,0,2.33,ZA,1667619759
275,chimbote,-9.0853,-78.5783,61.81,86,18,7.0,PE,1667619613
276,gravdal,68.1214,13.5031,46.27,82,100,9.06,NO,1667619759
277,muisne,0.6,-80.0333,73.44,79,100,10.07,EC,1667619759
278,beloha,-25.1667,45.05,74.88,74,74,10.22,MG,1667619760
279,kendal,54.3268,-2.7476,48.58,93,100,9.4,GB,1667619761
280,krasnokamensk,50.0979,118.0369,28.8,67,100,6.89,RU,1667619747
281,truro,50.2653,-5.0544,56.16,93,40,10.36,GB,1667619762
282,ilulissat,69.2167,-51.1,26.62,86,100,6.91,GL,1667619762
283,bereda,43.2686,-7.5406,40.41,98,12,1.74,ES,1667619763
284,vanimo,-2.6741,141.3028,86.95,65,88,4.03,PG,1667619763
285,palencia,42.4167,-4.5,37.8,89,7,0.54,ES,1667619763
286,necochea,-38.5473,-58.7368,53.47,77,4,14.85,AR,1667619764
287,namuac,18.6109,121.1657,83.35,73,18,9.31,PH,1667619764
288,jishui,33.7333,115.4,63.91,24,30,7.36,CN,1667619764
289,araguari,-18.6472,-48.1872,66.49,80,50,5.06,BR,1667619765
290,jamame,0.0722,42.7506,78.94,76,37,8.88,SO,1667619765
291,harper,4.375,-7.7169,77.2,86,100,4.29,LR,1667619766
292,jalu,29.0331,21.5482,62.26,55,0,4.59,LY,1667619766
293,fairbanks,64.8378,-147.7164,12.54,88,100,0.0,US,1667619767
294,ojinaga,29.5667,-104.4167,49.57,37,0,3.44,MX,1667619767
295,codrington,-38.2667,141.9667,68.05,60,85,10.25,AU,1667619767
296,sao felix do xingu,-6.6447,-51.995,72.43,96,79,1.45,BR,1667619768
297,shima,24.4478,117.8111,69.82,58,95,7.4,CN,1667619768
298,asyut,27.181,31.1837,60.98,54,75,6.55,EG,1667619769
299,amahai,-3.3333,128.9167,85.89,66,93,6.98,ID,1667619769
300,deputatskiy,69.3,139.9,-4.36,93,98,2.84,RU,1667619769
301,saint george,37.1041,-113.5841,49.95,35,0,6.91,US,1667619625
302,rio grande,-32.035,-52.0986,60.55,84,0,12.8,BR,1667619770
303,eureka,40.8021,-124.1637,57.2,92,100,1.99,US,1667619477
304,kristiinankaupunki,62.2743,21.376,38.91,90,78,14.09,FI,1667619770
305,east london,-33.0153,27.9116,67.14,94,75,13.8,ZA,1667619771
306,jiexiu,37.0244,111.9125,55.85,47,14,2.51,CN,1667619771
307,antofagasta,-23.65,-70.4,60.08,82,47,4.07,CL,1667619594
308,mirnyy,62.5353,113.9611,12.24,85,100,15.99,RU,1667619773
309,longyearbyen,78.2186,15.6401,28.24,93,75,1.14,SJ,1667619774
310,emerald,-23.5333,148.1667,80.74,41,100,17.27,AU,1667619629
311,umm lajj,25.0213,37.2685,74.43,64,97,4.72,SA,1667619774
312,sao filipe,14.8961,-24.4956,79.41,62,61,8.9,CV,1667619775
313,biltine,14.5333,20.9167,70.21,25,83,7.18,TD,1667619776
314,ruyigi,-3.45,30.3167,58.33,88,100,1.79,BI,1667619776
315,tiarei,-17.5333,-149.3333,73.42,95,100,12.21,PF,1667619777
316,warri,5.5167,5.75,75.15,93,100,0.78,NG,1667619777
317,pemangkat,1.1667,108.9667,85.6,62,100,4.94,ID,1667619777
318,saint-paul,-21.0096,55.2707,81.0,88,59,1.81,RE,1667619778
319,rio gallegos,-51.6226,-69.2181,55.45,67,0,6.91,AR,1667619778
320,tuatapere,-46.1333,167.6833,54.46,54,35,13.51,NZ,1667619778
321,moose factory,51.2585,-80.6094,32.0,93,75,5.75,CA,1667619779
322,guaduas,5.0669,-74.595,64.99,93,100,2.04,CO,1667619779
323,davidson,36.1501,-86.7833,70.56,55,20,17.27,US,1667619780
324,rawah,34.4816,41.9093,60.98,40,0,1.83,IQ,1667619780
325,madison heights,42.4859,-83.1052,68.14,68,0,11.5,US,1667619761
326,constantine,36.365,6.6147,54.81,66,40,12.66,DZ,1667619780
327,salta,-24.7859,-65.4117,57.58,42,0,6.91,AR,1667619564
328,college,64.8569,-147.8028,12.52,89,100,4.61,US,1667619781
329,klaksvik,62.2266,-6.589,43.72,86,99,17.36,FO,1667619781
330,caluquembe,-13.7833,14.6833,57.78,93,100,3.31,AO,1667619781
331,kaeo,-35.1,173.7833,70.32,57,6,3.11,NZ,1667619782
332,bassar,9.25,0.7833,72.88,72,80,1.81,TG,1667619782
333,hasaki,35.7333,140.8333,61.29,68,100,14.47,JP,1667619783
334,apac,1.9756,32.5386,64.31,92,75,2.33,UG,1667619783
335,vao,-22.6667,167.4833,75.31,86,62,20.04,NC,1667619783
336,chaumont,48.1167,5.1333,42.37,98,54,3.85,FR,1667619784
337,la ronge,55.1001,-105.2842,25.05,86,75,5.75,CA,1667619784
338,santa maria,-29.6842,-53.8069,54.7,82,0,8.05,BR,1667619784
339,matamoros,25.5333,-103.25,77.11,18,0,9.22,MX,1667619785
340,port hawkesbury,45.6169,-61.3485,56.32,75,0,10.36,CA,1667619785
341,lompoc,34.6391,-120.4579,54.84,66,0,9.22,US,1667619614
342,curitibanos,-27.2828,-50.5844,45.63,96,27,4.23,BR,1667619786
343,jena,50.9333,11.5833,46.65,88,100,6.44,DE,1667619786
344,gaoua,10.2992,-3.2508,73.8,43,88,1.72,BF,1667619787
345,montrose,38.4166,-108.2673,22.41,76,15,3.6,US,1667619762
346,oranjemund,-28.55,16.4333,59.92,90,31,4.5,NA,1667619787
347,sechura,-5.5569,-80.8222,62.69,80,37,10.51,PE,1667619787
348,fort nelson,58.8053,-122.7002,9.99,79,75,11.5,CA,1667619702
349,poli,-3.3333,36.8,57.47,77,50,2.66,TZ,1667619788
350,coahuayana,18.7333,-103.6833,74.97,93,6,2.46,MX,1667619789
351,aksu,41.1231,80.2644,50.43,32,100,1.88,CN,1667619789
352,inta,66.0317,60.1659,11.32,85,97,8.14,RU,1667619790
353,golfito,8.639,-83.166,73.15,99,100,2.08,CR,1667619790
354,sistranda,63.7256,8.834,49.96,78,100,8.75,NO,1667619791
355,innisfail,-17.5333,146.0333,79.83,60,87,10.33,AU,1667619791
356,anadyr,64.75,177.4833,19.9,79,20,6.71,RU,1667619792
357,hofn,64.2539,-15.2082,37.49,73,76,11.79,IS,1667619792
358,nyuksenitsa,60.4128,44.2397,21.6,97,32,3.13,RU,1667619793
359,qasigiannguit,68.8193,-51.1922,26.85,92,90,5.1,GL,1667619794
360,nanortalik,60.1432,-45.2371,32.27,76,48,4.0,GL,1667619794
361,paragominas,-2.9667,-47.4833,70.86,98,100,4.29,BR,1667619794
362,farmington,36.7281,-108.2187,36.28,56,0,10.36,US,1667619609
363,kashi,39.4547,75.9797,47.41,39,20,4.47,CN,1667619795
364,airai,-8.9266,125.4092,78.57,46,100,2.06,TL,1667619795
365,malakal,9.5334,31.6605,73.24,46,1,3.31,SS,1667619796
366,izhma,65.0083,53.9113,10.9,92,94,3.29,RU,1667619796
367,kahului,20.8947,-156.47,87.82,64,0,18.41,US,1667619797
368,bondo,3.8146,23.6866,68.09,100,100,1.07,CD,1667619797
369,surdulica,42.6906,22.1708,54.99,66,100,4.9,RS,1667619798
370,vung tau,10.346,107.0843,82.36,71,80,16.75,VN,1667619798
371,bambari,5.768,20.6757,69.26,93,74,2.3,CF,1667619799
372,nizhneangarsk,55.7833,109.55,27.81,66,35,1.77,RU,1667619799
373,fort stewart,31.8722,-81.61,69.75,68,0,4.61,US,1667619799
374,martin,27.0837,-80.4164,78.91,87,38,7.4,US,1667619800
375,marsh harbour,26.5412,-77.0636,79.18,64,35,20.87,BS,1667619800
376,whitianga,-36.8333,175.7,68.04,47,0,10.45,NZ,1667619801
377,shitanjing,39.2342,106.3439,43.74,40,74,7.23,CN,1667619801
378,alta floresta,-9.8756,-56.0861,75.09,59,100,3.0,BR,1667619802
379,kiama,-34.6833,150.8667,73.26,63,50,7.0,AU,1667619802
380,mayskiy,47.6931,40.1025,38.61,91,34,2.46,RU,1667619802
381,sabha,27.0377,14.4283,61.32,47,8,2.39,LY,1667619803
382,usinsk,65.9939,57.5281,13.21,84,100,7.54,RU,1667619803
383,brufut,13.3814,-16.7518,73.49,94,0,3.44,GM,1667619804
384,cabedelo,-6.9811,-34.8339,77.67,84,100,4.94,BR,1667619804
385,imbituva,-25.23,-50.6044,46.13,98,2,2.73,BR,1667619805
386,melfort,52.8667,-104.6177,21.33,93,78,5.75,CA,1667619805
387,isernia,41.6002,14.2382,51.53,93,100,5.06,IT,1667619805
388,eydhafushi,5.1033,73.0708,80.96,73,64,2.26,MV,1667619806
389,dhidhdhoo,6.8833,73.1,81.12,67,66,1.14,MV,1667619807
390,ploemeur,47.7333,-3.4333,53.82,89,100,3.44,FR,1667619807
391,mackenzie,55.2999,-123.1698,32.22,86,100,2.3,CA,1667619807
392,pangnirtung,66.1451,-65.7125,9.97,94,97,3.33,CA,1667619808
393,kiri buru,22.0833,85.35,78.3,50,0,1.7,IN,1667619808
394,timra,62.487,17.3257,46.08,87,100,17.27,SE,1667619808
395,terrasini,38.146,13.0844,61.21,72,98,3.0,IT,1667619809
396,puro,12.4841,123.3827,85.98,67,43,8.66,PH,1667619809
397,amherst,41.3978,-82.2224,66.45,66,0,10.36,US,1667619627
398,hohhot,40.8106,111.6522,43.09,39,0,2.24,CN,1667619812
399,knysna,-34.0363,23.0471,64.94,96,85,1.77,ZA,1667619812
400,nhulunbuy,-12.2333,136.7667,92.01,52,40,16.11,AU,1667619812
401,pirgos,35.1167,25.7178,66.06,62,0,6.13,GR,1667619813
402,esperance,-33.8667,121.9,63.16,62,44,12.73,AU,1667619813
403,awbari,26.5921,12.7805,61.47,47,33,3.78,LY,1667619814
404,sakaiminato,35.55,133.2333,55.33,94,75,14.97,JP,1667619814
405,wellington,-41.2866,174.7756,65.59,67,20,19.57,NZ,1667619595
406,rabo de peixe,37.8,-25.5833,68.27,100,20,13.8,PT,1667619814
407,kidal,18.4411,1.4078,71.44,20,0,11.61,ML,1667619815
408,caravelas,-17.7125,-39.2481,72.21,72,98,13.67,BR,1667619815
409,toamasina,-18.1667,49.3833,69.8,94,20,0.0,MG,1667619815
410,shingu,33.7333,135.9833,66.15,49,4,4.16,JP,1667619816
411,muravlenko,63.7898,74.523,12.81,100,94,6.62,RU,1667619816
412,edirne,41.6772,26.556,53.29,92,94,3.47,TR,1667619816
413,los alamos,35.8881,-106.307,32.38,48,0,6.91,US,1667619817
414,gwadar,25.1216,62.3254,77.97,66,19,3.98,PK,1667619818
415,mogadishu,2.0371,45.3438,78.67,83,40,10.36,SO,1667619660
416,mecca,21.4267,39.8261,75.74,51,95,1.16,SA,1667619819
417,kharhial,20.2833,82.7667,75.56,51,0,1.34,IN,1667619820
418,north bend,43.4065,-124.2243,59.92,99,100,21.85,US,1667619820
419,pozo colorado,-23.4923,-58.7972,63.28,70,1,4.25,PY,1667619820
420,urusha,54.05,122.9,23.31,60,73,3.29,RU,1667619821
421,bathsheba,13.2167,-59.5167,81.21,89,40,14.97,BB,1667619821
422,huntington,38.4193,-82.4452,70.7,66,0,9.22,US,1667619741
423,mantua,45.1667,10.7833,52.36,75,50,1.99,IT,1667619823
424,naze,28.3667,129.4833,68.92,61,5,15.41,JP,1667619823
425,saint-augustin,51.226,-58.6502,41.52,95,80,10.74,CA,1667619823
426,popondetta,-8.7537,148.2534,90.07,55,97,6.26,PG,1667619824
427,langxiang,46.95,128.8833,32.77,44,18,7.02,CN,1667619824
428,diamantino,-14.4086,-56.4461,65.19,61,5,1.95,BR,1667619824
429,alofi,-19.0595,-169.9187,80.49,65,57,17.27,NU,1667619825
430,bereznik,62.8551,42.7072,26.35,90,87,2.46,RU,1667619825
431,altar,30.7,-111.8167,58.44,28,6,8.55,MX,1667619826
432,san cristobal,7.7669,-72.225,71.78,97,100,1.7,VE,1667619826
433,kaoma,-14.7833,24.8,61.34,86,84,3.85,ZM,1667619826
434,phalodi,27.1333,72.3667,84.96,20,32,11.34,IN,1667619827
435,sao jose da coroa grande,-8.8978,-35.1478,73.71,92,100,9.6,BR,1667619827
436,tarko-sale,64.9225,77.785,13.08,98,87,5.84,RU,1667619827
437,elat,29.5581,34.9482,66.04,59,20,6.91,IL,1667619828
438,angoram,-4.0625,144.0661,85.66,79,72,1.63,PG,1667619828
439,toktogul,41.8708,72.9402,47.32,97,100,0.22,KG,1667619546
440,coruripe,-10.1256,-36.1756,71.47,93,100,6.31,BR,1667619829
441,kundian,32.4587,71.4775,78.28,30,96,1.61,PK,1667619829
442,aykhal,66.0,111.5,6.42,96,96,5.03,RU,1667619829
443,livingston,55.9029,-3.5226,45.48,96,75,4.61,GB,1667619830
444,tirumullaivasal,11.2333,79.8333,82.44,74,78,9.44,IN,1667619830
445,rapar,23.5667,70.6333,84.13,41,22,5.44,IN,1667619830
446,homer,59.6425,-151.5483,28.29,41,75,9.22,US,1667619831
447,gat,31.61,34.7642,63.39,69,1,5.55,IL,1667619831
448,villarrica,-25.75,-56.4333,59.14,80,7,2.95,PY,1667619831
449,los altos,37.3852,-122.1141,58.32,87,0,9.22,US,1667619833
450,bud,39.447,-86.1758,67.68,66,63,15.9,US,1667619833
451,cabo san lucas,22.8909,-109.9124,71.91,78,0,3.44,MX,1667619581
452,mercedes,-34.6515,-59.4307,61.65,87,0,9.46,AR,1667619834
453,tual,-5.6667,132.75,85.26,69,81,11.65,ID,1667619834
454,santa cruz cabralia,-16.2781,-39.0247,66.43,88,100,10.36,BR,1667619835
455,tabas,33.5959,56.9244,64.85,41,3,1.79,IR,1667619835
456,bandarbeyla,9.4942,50.8122,78.82,76,17,8.7,SO,1667619835
457,faya,18.3851,42.4509,55.92,72,54,3.15,SA,1667619836
458,edgewater,28.9889,-80.9023,76.01,76,1,11.63,US,1667619836
459,honningsvag,70.9821,25.9704,38.95,87,100,4.61,NO,1667619836
460,hualmay,-11.0964,-77.6139,61.65,86,11,7.07,PE,1667619837
461,poso,-1.3959,120.7524,86.68,65,100,6.46,ID,1667619837
462,komsomolskiy,40.4272,71.7189,52.52,87,75,6.91,UZ,1667619838
463,marmarion,38.0484,24.3204,67.15,77,5,5.99,GR,1667619838
464,malayal,7.208,121.942,87.6,70,93,4.72,PH,1667619838
465,nyurba,63.2842,118.3319,14.2,90,88,6.69,RU,1667619839
466,bahia blanca,-38.7196,-62.2724,68.29,34,92,14.58,AR,1667619588
467,poum,-20.2333,164.0167,79.18,79,39,14.38,NC,1667619839
468,krasnoselkup,65.7,82.4667,15.3,97,94,8.68,RU,1667619840
469,lavrentiya,65.5833,-171.0,15.26,78,2,11.16,RU,1667619840
470,tandalti,13.0167,31.8667,74.44,23,1,9.84,SD,1667619840
471,caceres,39.522,-6.3748,46.42,62,26,3.36,ES,1667619841
472,senekal,-28.3197,27.6208,57.27,89,1,5.35,ZA,1667619841
473,elliot lake,46.3834,-82.6331,53.31,99,100,3.04,CA,1667619672
474,kipini,-2.5257,40.5262,75.49,80,42,7.7,KE,1667619841
475,ambanja,-13.6833,48.45,76.93,79,10,1.34,MG,1667619842
476,shahrud,36.4182,54.9763,51.57,45,0,2.55,IR,1667619842
477,keskin,39.6731,33.6136,45.19,65,100,3.96,TR,1667619843
478,point fortin,10.1833,-61.6833,75.88,86,99,6.98,TT,1667619843
479,ambulu,-8.345,113.6058,83.88,77,100,5.03,ID,1667619843
480,port shepstone,-30.7414,30.455,69.1,79,24,8.46,ZA,1667619844
481,sorland,67.667,12.6934,48.06,84,100,10.94,NO,1667619844
482,yuli,9.6989,10.2744,69.69,35,77,5.37,NG,1667619845
483,copiapo,-27.3667,-70.3333,53.29,62,1,1.32,CL,1667619846
484,riyadh,24.6877,46.7219,66.34,56,88,8.95,SA,1667619846
485,malabo,3.75,8.7833,75.06,94,20,3.44,GQ,1667619752
486,vestmannaeyjar,63.4427,-20.2734,43.02,77,99,33.06,IS,1667619847
487,atar,20.5169,-13.0499,72.21,16,0,7.9,MR,1667619847
488,laguna,38.421,-121.4238,57.49,63,0,4.61,US,1667619848
489,ocland,46.1667,25.4167,44.08,85,55,4.18,RO,1667619848
490,boo,59.3333,18.2833,49.77,84,100,12.66,SE,1667619848
491,donskoye,45.4552,41.9741,44.73,92,97,6.08,RU,1667619849
492,maksatikha,57.797,35.8825,30.24,92,99,3.09,RU,1667619849
493,lohja,60.2486,24.0653,40.17,78,11,7.05,FI,1667619849
494,marfino,55.7028,37.3822,32.09,81,100,8.95,RU,1667619850
495,milford,41.2223,-73.0565,64.65,87,0,0.0,US,1667619820
496,bambanglipuro,-7.95,110.2833,82.36,80,100,9.01,ID,1667619851
497,solano,38.2333,-121.9511,58.24,80,0,10.36,US,1667619852
498,acari,-15.4311,-74.6158,65.59,75,30,2.8,PE,1667619852
499,kolpashevo,58.3131,82.9089,30.45,79,100,11.56,RU,1667619852
500,payo,-3.7508,103.6372,83.16,74,100,0.65,ID,1667619853
501,tanout,14.9709,8.8879,68.18,23,14,9.95,NE,1667619853
502,pokhara,28.2333,83.9833,72.39,44,0,4.12,NP,1667619854
503,karratha,-20.7377,116.8463,87.82,34,6,13.87,AU,1667619855
504,severo-yeniseyskiy,60.3725,93.0408,22.59,89,98,4.12,RU,1667619855
505,artyom,40.4723,50.333,55.54,72,92,18.68,AZ,1667619856
506,les cayes,18.2,-73.75,74.68,85,0,4.79,HT,1667619856
507,peterhead,57.5058,-1.7981,38.5,72,97,9.06,GB,1667619857
508,findlay,41.0442,-83.6499,66.94,65,0,11.5,US,1667619727
509,abu samrah,35.3029,37.1841,56.75,79,0,1.16,SY,1667619857
510,marienburg,54.0359,19.0266,46.58,89,100,6.58,PL,1667619858
511,kununurra,-15.7667,128.7333,93.18,31,71,5.75,AU,1667619858
512,bouar,5.934,15.596,64.35,68,98,3.22,CF,1667619858
513,lewisporte,49.2499,-55.0482,47.91,86,33,8.88,CA,1667619859
514,rochelle,46.25,-1.0,48.29,87,100,4.61,FR,1667619859
515,tezu,27.9167,96.1667,79.18,38,0,3.24,IN,1667619860
516,doha,25.2867,51.5333,80.49,50,0,12.66,QA,1667619756
517,ahuimanu,21.4447,-157.8378,82.11,78,75,14.97,US,1667619860
518,akyab,20.15,92.9,81.57,68,0,2.24,MM,1667619862
519,coos bay,43.3665,-124.2179,59.99,99,100,21.85,US,1667619863
520,nago,26.5881,127.9761,75.63,65,81,13.31,JP,1667619863
521,kautokeino,69.0125,23.0412,35.76,97,100,10.16,NO,1667619864
522,abu dhabi,24.4667,54.3667,77.97,67,0,1.99,AE,1667619864
523,isangel,-19.55,169.2667,87.91,70,40,5.75,VU,1667619864
524,sisimiut,66.9395,-53.6735,21.76,91,92,7.78,GL,1667619865
525,sijunjung,-0.6876,100.9537,79.61,77,100,2.26,ID,1667619865
526,finschhafen,-6.6024,147.8681,85.48,68,30,8.72,PG,1667619865
527,svetlyy,54.675,20.1347,42.85,77,100,13.98,RU,1667619866
528,havre-saint-pierre,50.2334,-63.5986,39.2,93,0,3.44,CA,1667619866
529,paamiut,61.994,-49.6678,23.92,79,22,6.73,GL,1667619866
530,nizhniy baskunchak,48.2198,46.8311,35.89,78,84,1.57,RU,1667619867
531,yairipok,24.6667,94.0667,71.46,71,1,0.4,IN,1667619867
532,zlobin,45.2924,14.6541,52.9,51,20,25.32,HR,1667619869
533,baykit,61.67,96.37,18.54,90,82,2.28,RU,1667619870
534,verkhnevilyuysk,63.4453,120.3167,11.35,89,99,7.4,RU,1667619870
535,igdir,39.9237,44.045,40.19,60,75,6.91,TR,1667619871
536,acarau,-2.8856,-40.12,76.6,87,94,5.77,BR,1667619871
537,la pintada,5.7487,-75.6063,74.62,96,100,1.1,CO,1667619872
538,kolondieba,11.0882,-6.8926,71.78,36,100,1.45,ML,1667619872
539,bara,10.3744,10.7288,69.71,29,67,6.35,NG,1667619873
540,boa vista,2.8197,-60.6733,73.38,94,0,3.44,BR,1667619873
541,ketchikan,55.3422,-131.6461,37.87,87,75,0.0,US,1667619873
542,bay roberts,47.5999,-53.2648,47.52,95,65,3.0,CA,1667619874
543,ternate,0.8,127.4,84.52,72,27,5.06,ID,1667619874
544,bauchi,10.5,10.0,65.32,36,55,2.21,NG,1667619874
545,lerwick,60.1545,-1.1494,48.2,79,66,15.21,GB,1667619875
546,porto novo,6.4965,2.6036,80.42,90,68,0.34,BJ,1667619875
547,renqiu,38.6989,116.0936,58.21,39,0,6.44,CN,1667619875
548,flin flon,54.7682,-101.865,17.42,95,81,4.36,CA,1667619876
549,lengshuijiang,27.6881,111.4294,68.36,48,79,3.51,CN,1667619876
550,zyryanka,65.75,150.85,-4.5,95,100,12.5,RU,1667619876
551,san jeronimo,-11.9472,-75.2829,49.12,82,99,0.38,PE,1667619877
552,nuuk,64.1835,-51.7216,23.61,86,53,3.44,GL,1667619649
553,irtyshskiy,58.3333,68.1333,32.83,97,100,13.24,RU,1667619878
554,kavaratti,10.5669,72.642,81.21,72,86,3.78,IN,1667619879
555,campoverde,-8.4753,-74.8058,74.89,56,42,1.9,PE,1667619880
556,haines junction,60.7522,-137.5108,12.15,57,99,9.22,CA,1667619880
557,dalby,-27.1833,151.2667,79.99,30,20,3.0,AU,1667619881
558,buchanan,5.8808,-10.0467,76.98,86,79,1.25,LR,1667619881
559,san jose,37.3394,-121.895,58.86,84,75,9.22,US,1667619804
560,cockburn town,21.4612,-71.1419,80.02,71,62,13.06,TC,1667619774
561,ferme-neuve,46.7001,-75.4493,58.71,74,98,14.43,CA,1667619882
562,agadez,19.75,10.25,63.46,29,100,9.53,NE,1667619882
563,tongchuan,35.0806,109.0897,56.08,63,22,7.02,CN,1667619883
564,yarkovo,57.4028,67.0786,32.92,98,100,9.13,RU,1667619883
565,hamilton,39.1834,-84.5333,67.87,59,0,14.97,US,1667619623
566,ocampo,21.65,-101.5,56.55,45,4,6.22,MX,1667619883
567,vaitape,-16.5167,-151.75,75.13,90,100,26.73,PF,1667619884
568,mangaratiba,-22.9597,-44.0406,61.66,86,74,4.27,BR,1667619884
